{
    "h": 1.00790, "he": 4.00260, "li": 6.94100, "be": 9.01220,
    "b": 10.81100, "c": 12.01070, "n": 14.00670, "o": 15.99940,
    "f": 18.99840, "ne": 20.17970, "na": 22.98970, "mg": 24.30500,
    "al": 26.98150, "si": 28.08550, "p": 30.97380, "s": 32.06500,
    "cl": 35.45300, "ar": 39.94800, "k": 39.09830, "ca": 40.07800,
    "sc": 44.95590, "ti": 47.86700, "v": 50.94150, "cr": 51.99610,
    "mn": 54.93800, "fe": 55.84500, "co": 58.93320, "ni": 58.69340,
    "cu": 63.54600, "zn": 65.39000, "ga": 69.72300, "ge": 72.64000,
    "as": 74.92160, "se": 78.96000, "br": 79.90400, "kr": 83.80000,
    "rb": 85.46780, "sr": 87.62000, "y": 88.90590, "zr": 91.22400,
    "nb": 92.90640, "mo": 95.94000, "tc": 98.00000, "ru": 101.07000,
    "rh": 102.90550, "pd": 106.42000, "ag": 107.86820, "cd": 112.41100,
    "in": 114.81800, "sn": 118.71000, "sb": 121.76000, "te": 127.60000,
    "i": 126.90450, "xe": 131.29300, "cs": 132.90550, "ba": 137.32700,
    "la": 138.90550, "ce": 140.11600, "pr": 140.90770, "nd": 144.24000,
    "pm": 145.00000, "sm": 150.36000, "eu": 151.96400, "gd": 157.25000,
    "tb": 158.92530, "dy": 162.50000, "ho": 164.93030, "er": 167.25900,
    "tm": 168.93420, "yb": 173.04000, "lu": 174.96700, "hf": 178.49000,
    "ta": 180.94790, "w": 183.84000, "re": 186.20700, "os": 190.23000,
    "ir": 192.21700, "pt": 195.07800, "au": 196.96650, "hg": 200.59000,
    "tl": 204.38330, "pb": 207.20000, "bi": 208.98040, "po": 209.00000,
    "at": 210.00000, "rn": 222.00000, "fr": 223.00000, "ra": 226.00000,
    "ac": 227.00000, "th": 232.03810, "pa": 231.03590, "u": 238.02890,
    "np": 237.00000, "pu": 244.00000, "am": 243.00000, "cm": 247.00000,
    "bk": 247.00000, "cf": 251.00000, "es": 252.00000, "fm": 257.00000,
    "md": 258.00000, "no": 259.00000, "lr": 262.00000
}
